课程号,课程名称
0100002,波动力学
0100003,多体系统动力学
0100008,飞行器非线性控制方法
0100015,飞行器总体分析与设计
0100023,高等化学反应动力学
0100041,计算固体力学
0100042,计算流体力学基础
0100046,聚合物特性与装药结构完整性
0100047,空间环境与试验导论
0100050,连续介质力学A
0100058,细观力学
0100064,现代生物力学
0100065,现代实验力学
0100067,叶轮机内部流动环境与液压设计
0100069,有限元方法
0100075,振动力学
0100078,发射理论及应用
0100081,飞行器优化设计方法与实践
0100097,微纳尺度测量技术
0100098,水波动力学
0100099,微流控原理与应用
0100102,凸优化与自主轨迹规划
0100104,飞行器结构优化设计
0100105,信息融合与导航技术
0100107,航天器自主导航原理与应用
0100111,飞行器制导控制系统现代设计方法
0100112,先进航天测试技术
0100114,先进空天动力技术
0100115,飞行器自主控制与精确制导技术
0100116,行星大气进入动力学与控制
0100119,发射气体动力学
0100123,导航估计技术与应用
0100125,飞行器最优控制
0100131,飞行器动力学建模辨识与应用实践
0100134,航天器抵近任务轨道设计与可视化实践
0100135,高等流体力学
0100138,热流固耦合数值分析方法与实践
0100140,现代等离子体诊断
0100144,航天工程科技前沿
0100145,飞行器力学实验进展
0100146,多天体轨道动力学与控制
0100147,火箭导弹武器发射系统数值仿真
0100148,航空航天复合材料
0101011,（英）燃烧不稳定性概论
0101015,（英）流体力学
0101016,（英）航天器姿态分析力学与非线性控制
0101017,（英）网络系统的协同控制及其应用
0101018,（英）现代飞行器布局设计
0101019,（英）无人智群导论
0101020,（英）计算流体力学导论
0101021,（英）微纳尺度测量技术
0200001,安全生产技术
0200003,爆炸安全理论
0200009,弹塑性波与冲击动力学
0200020,非线性动力学数值仿真
0200030,燃烧爆炸及消防安全研究进展
0200035,机器人系统设计与应用
0200036,计算物理学A
0200038,可靠性数据分析
0200045,群智能系统网络与协同技术
0200046,燃烧与爆炸测试基础
0200048,燃烧与爆炸问题建模
0200053,数值模拟专题
0200056,损伤与断裂
0200058,微机电系统
0200065,武器弹药智能设计
0200066,武器系统测试技术
0200071,系统安全分析与评价技术
0200072,系统安全评估原理
0200075,现代传感与测试技术
0200082,消防工程
0200110,信息感知与对抗技术
0200117,目标易损性与毁伤评估
0200118,射频固态电路设计与应用
0200119,武器系统可靠性分析
0200124,爆炸力学计算方法
0200127,弹药工程前沿技术
0200128,智能系统理论及应用
0200129,含能材料基础理论与前沿技术
0200132,应用爆轰物理
0200141,现代探测技术
0200149,常规弹药装备研制项目管理
0200154,毁伤力学
0200155,高速碰撞与侵彻
0200168,生物医疗与微纳机器人技术
0200169,微纳生物测量技术
0200171,侵彻力学
0200172,瞬态测试技术
0200176,水中武器及其作用
0200179,结构抗爆炸与冲击防护设计理论
0200182,终点效应实验与测试技术
0200183,武器系统科技前沿
0200184,毁伤技术与弹药工程前沿
0200186,智能武器系统设计
0200188,现代火工理论与技术
0200191,智能感知与认知基础
0200192,目标毁伤与评估技术
0201011,（英）材料动态力学行为
0201020,（英）动态测试技术
0201021,（英）计算力学
0300001,流体仿真与应用
0300002,内燃机性能仿真与测试
0300007,车联网技术
0300008,虚拟仪表技术
0300010,车辆电驱动理论与技术
0300013,车辆动力学
0300014,车辆多体动力学仿真
0300015,车辆性能数字仿真
0300016,车辆前沿技术
0300017,车辆振动噪声控制
0300018,车用电机驱动技术
0300025,动力机械控制工程
0300027,动力系统振动噪声理论与分析
0300028,多学科设计优化方法
0300029,发动机标定与在线故障诊断技术
0300031,复杂流动与传热数值模拟
0300032,高等传热传质学
0300049,机械结构有限元仿真与应用
0300050,结构强度与疲劳分析
0300052,控制系统现代开发技术
0300054,摩擦学理论
0300055,内燃机燃烧过程仿真
0300057,汽车轻量化
0300059,金属零件三维造型与增材制造
0300065,数字化制造中的建模与仿真技术
0300067,系统动力学
0300069,先进加工理论
0300072,现代测试技术
0300077,新能源动力系统技术
0300079,有限元法原理
0300086,实验设计与分析
0300090,数学思想方法及工程应用选讲
0300092,超快激光动力学
0300094,能源利用与环境保护
0300095,燃烧诊断技术原理与应用
0300096,车辆电子工程
0300109,智能生产与制造服务技术
0300116,光机电微纳制造技术
0300118,CAD/CAM工程设计技术
0300120,能源动力前沿
0300201,信息检索与科技写作
0300202,科技写作实训
0300203,机器人与智能制造
0300204,工程伦理
0300207,智能装备系统设计方法
0300210,先进制造科学与技术
0300211,大数据与人工智能制造应用
0300213,智能车辆理论与技术
0300214,工业软件设计与开发
0300218,智能决策支持系统开发
0300221,医工融合智能制造
0300224,数值传热仿真方法与应用
0300226,智能无人车辆技术
0300229,智能汽车高级辅助驾驶系统技术
0300232,储能科学与技术学科前沿
0300234,电池储能系统理论与技术
0300245,新能源汽车与车联网储能技术
0300246,无人车辆传感与测试技术
0300247,有限元仿真与应用实践
0300251,车辆理论与制造前沿
0300252,特种车辆工程实践
0300253,控制系统现代开发与实践
0300254,现代车辆试验与测试技术
0300255,无人车辆控制技术
0300256,智能制造工程实践
0300257,工业母机与工程实践
0300258,MBSE与装备总体设计工程实践
0300262,视觉感知和智能控制
0301001,（英）高等工程数学导论
0301002,（英）现代控制理论基础
0301004,（英）高等工程热力学和传热学
0301005,（英）计算流体力学
0301010,（英）现代测试技术
0301013,（英）工程管理
0301015,（英）现代车辆先进技术
0301016,（英）节能和新能源车辆技术
0301017,（英）智能车辆机器学习技术
0400004,光电薄膜与器件
0400007,微纳光学
0400008,高等光学
0400009,高等光电技术实验
0400017,薄膜原理与技术
0400019,现代光电图像处理方法
0400020,数字视频与实时图像处理技术
0400022,光学与光电检测系统
0400033,非线性信号处理与应用
0400036,光电子信息系统
0400037,超快光学
0400057,光学制造、检测与镀膜技术
0400061,光纤传感技术与系统
0400066,光电子信息探测技术与应用
0400069,自适应光学与空间光学
0400071,机器学习及医学图像分析
0400073,精密光学传感技术及仪器
0400075,多学科优化设计
0400076,现代光信息探测技术
0400078,数字成像系统性能评测
0400080,视觉SLAM技术
0400082,近代信息光学及新型应用
0400084,光电仪器现代设计
0400089,量子光电器件及应用
0400090,光电感知创新实验
0401001,（英）量子光学导论
0401003,（英）人工智能与生物特征识别
0401004,（英）生物医学中的光电子学
0401005,（英）微纳光电子器件/系统制造导论
0401006,（英）数字图像处理
0401008,（英）计算光学传感与成像理论
0500026,FPGA与SoPC设计基础
0500037,空中目标探测前沿技术
0500075,系统理论与人工系统设计学
0500082,现代信号分析
0500083,卫星通信理论与应用
0500087,卫星导航定位理论与方法
0500088,无线网络和移动计算
0500090,认知电子战原理与技术
0500093,高性能嵌入式可重构并行计算方法
0500094,高级机器学习
0500100,人工智能与大数据
0500111,光电信号处理
0500115,自适应信号处理
0500117,扩频测量方法与应用
0500120,无线通信与感知一体化技术
0500155,信道编码及其应用
0500157,雷达目标智能识别
0500158,空天通信系统
0500180,医工融合技术前沿
0500202,稀疏阵列信号处理
0500203,智能交通毫米波雷达信息处理
0500204,行星雷达原理与应用
0500207,统计推断与应用
0500212,移动通信技术理论与实践
0500216,图论及其应用
0500221,高性能FPGA数字处理技术
0500222,星载无源定位技术
0500224,智能信息处理技术
0500225,人工智能与网络空间安全
0501001,（英）统计信号处理基础
0501009,（英）FPGA与SoPC设计基础
0501011,（英）多源数据融合理论与应用
0501012,（英）语音信号数字处理
0501013,（英）通信网络基础
0501020,（英）移动通信
0600008,非线性控制系统
0600009,现代检测与测量技术
0600011,模式识别
0600018,自适应控制
0600019,多源信息滤波与融合
0600020,伺服驱动与控制
0600021,故障诊断与容错技术
0600024,卫星导航定位与地理信息系统
0600025,多智能体协同与控制
0600028,电力系统优化运行及控制
0600029,电能质量控制技术
0600030,机电控制系统的建模与仿真
0600040,嵌入式系统设计
0600041,智能检测技术
0600044,智能无人平台自主导航与控制
0600046,深度学习
0600048,最优化理论与方法
0600050,惯性器件与导航系统
0600054,复杂网络导论
0600056,飞行器制导与控制
0600060,智能计算系统
0600062,智慧能源与能源互联网
0600063,人工智能进展
0600064,群体智能与博弈对抗基础
0600067,现代电机调速及飞轮储能
0600068,军用地面无人系统
0600069,航天工程实践讲堂
0600070,人工智能：从算法到系统
0601004,（英）最优与鲁棒控制
0601005,（英）计算机与分布式控制系统
0601006,（英）多源信息滤波与融合
0601008,（英）现代电力电子学
0601009,（英）博弈论与控制
0601010,（英）机器人感知
0601011,（英）智能制造系统建模与仿真
0700001,机器学习
07000029,大学数学（下）
0700007,软件工程与软件自动化
0700008,计算理论
0700011,并行编程原理与实践
0700016,机器学习与知识发现
0700017,语言智能处理
07000208,大学数学（上，体优班）
0700022,算法与算法复杂性理论
0700030,社交网络分析
0700034,数据挖掘
0700035,无线网络与移动计算
0700038,嵌入式系统
0700040,智能优化方法
0700046,面向对象技术与方法
0700057,智能科学技术
0700082,人机交互原理与应用
0700083,智能媒体计算
0700084,图形引擎原理与实践
0700086,群体智能与仿真
0700090,计算机技术前沿
0700092,大模型：算法与实践
0700093,大数据可视分析
0700202,大数据技术前沿
0701002,（英）计算理论
0701004,（英）机器学习与知识发现
0701007,（英）算法与算法复杂性理论
0701008,（英）社交网络分析
0701011,（英）无线网络与移动计算
0800110,新型用户交互平台
0800115,智能金融平台
0900017,聚合物降解与稳定
0900023,材料改性与表面工程
0900024,材料成形CAD/CAM/CAE技术
0900026,薄膜技术
0900031,材料电化学工程基础
0900032,新能源和环境材料工程设计理论与应用
0900039,火药物理化学性能
0900047,爆炸理论与装药技术
0900049,炸药理论
0900050,含能材料研究进展
0900052,能源及环境材料设计计算与建模
0900066,材料分析测试与表征
0900067,有色金属材料及应用
0900072,聚合物纳米复合材料
0900073,阻燃化学与技术
0900074,绿色含能材料
0900080,含能材料物理化学性能
0900082,生物质材料及产品工程
0900083,材料分析测试技术综合实验
0900087,材料表面与界面
0900088,功能材料
0900090,先进材料分析测试技术应用实践
0900094,废旧和失效材料的资源化利用技术
0900095,能源材料工程实验
0900097,功能高分子与阻燃材料工程实验
0900098,高分子与阻燃材料成型加工案例与实践
0900100,生物医用材料技术
0900102,先进传感材料与器件
0900105,富氮材料的工程应用
0900107,材料信息学综合实践
0900201,材料科学
0900309,固体推进剂化学与技术
0900320,含能材料工程前沿
0900330,高能量密度材料合成与技术
0900333,发射药与装药技术
0901002,（英）材料加工理论
0901006,（英）光电材料与器件
0901007,（英）材料电化学测试与分析表征技术
0901008,（英）材料微结构分析与性能表征
0901012,（英）先进碳材料
0901013,（英）材料工程与力学性能
1000002,高等化工热力学
1000003,化工分离工程
1000009,波谱分析
1000011,催化科学与技术
1000012,应用电化学
1000013,反应器设计与应用
1000014,膜与膜过程原理
1000016,化工流程模拟与计算
1000021,现代分析化学
1000026,催化剂设计与制备工艺
1000027,高等化学电源工艺学
1000031,知识产权及化工专利撰写
1000037,计算材料学基础
1000041,生物催化工程
1000042,催化作用原理
1000043,生化工程原理
1000045,高等生化分离工程
1000046,微生物应用工程
1000047,现代生物技术
1000049,生物分子工程
1000050,制药工程工艺与设计
1000051,手性合成与手性药物技术
1000053,金属有机化学与应用
1000054,高等化工工艺学
1000056,高等有机化学A
1000057,化学反应工程分析
1000058,高等化工数学
1000059,有机化工材料学
1000060,传递过程原理
1000061,炸药理论与合成技术
1000062,化学工程与技术前沿
1000063,化学工程与技术学科创新实验
1000064,合成制药技术前沿
1000065,药物研发与注册管理
1000066,计算机辅助药物分子设计
1000067,天然药物研究与开发
1000068,纳米药物技术
1000069,生化制药工程
1000073,环境化学与污染控制
1000077,高等水处理工程
1000079,环境风险分析
1000080,核废物处理与环境保护
1000082,环境分析与监测
1000083,环境工程创新实验
1000084,能源利用原理与节能技术
1000087,新能源材料与应用
1000088,氢能技术与燃料电池
1000089,能源催化合成与转化
1000090,化工分离技术
1000091,二氧化碳化学转化前沿
1000094,化工过程模型化与先进控制
1000095,实验室安全与技术
1000096,先进合成方法与技术
1000097,制药工程创新实验
1000098,大气环境计算化学
1000103,无机合成与制备化学
1000104,有机合成设计
1000105,基础量子化学
1000108,纳米科学与技术
1000109,多金属氧簇化学
1000110,高等有机合成实验
100011007,新生研习与专业导论
100011008,学科专业导论
1000111,金属有机化学与催化
1000116,计算化学基础
1000117,基础电化学
100012001,流体力学核心贯通课I
100012002,流体力学核心贯通课II
100012006,创新实践引导
1000122,高等无机化学
1000123,高等有机化学专题
1000124,现代电化学研究方法
1000127,高等化学
1000128,数理方法
1000129,现代高分子化学与物理
1000130,催化化学
100013006,复变函数与积分变换
100013007,工程实践II
100013008,工程实践I
100013009,力学中数理方法（上）
100013010,科技阅读与写作
100013012,动力学与控制核心贯通课I
100013013,创新训练I
100013014,理论力学C
100013015,工程科学导论（专业导论）
100013017,工程实践II A
100013018,数理方法核心贯通课
100013101,理论力学A
1000132,现代分析测试技术理论与应用
1000133,现代分析测试技术实训
1000134,化学学科创新实验
1000135,晶体生长原理与技术
1000136,气溶胶与大气物理化学
1000137,拉曼散射的基本原理与分析应用
1000139,现代能量转化技术
100014003,工程力学
100014004,弹性力学B
100014007,航天工程概论
100014010,流体力学C
100014011,工程力学实验
100014012,动力学与控制核心贯通课II
100014013,固体力学核心贯通课I
100014014,创新训练II
100014015,材料力学C
100014016,飞行器智能感知与认知
1000141,催化原位表征原理与技术
100014101,材料力学A
100014108,自动控制原理A
1000142,纳米材料与能源
100015003,张量分析
100015004,数值分析基础
100015005,科学计算编程
100015006,结构力学B
100015007,工程热力学
100015008,刚体动力学
100015011,力学科研训练
100015014,面向对象程序设计
100015015,空气动力与飞行力学
100015016,航天器轨道动力学与控制
100015019,航天器智能控制技术
100015020,空间机器人技术
100015022,微机原理及应用B
100015024,飞行控制系统的原型系统技术A
100015025,自动控制元件
100015026,计算机控制原理
100015028,程序设计实践
100015033,燃料电池原理与技术
100015035,航空宇航推进系统概论
100015036,发射系统概论
100015037,现代控制理论B
100015038,电子技术应用与设计
100015041,专业创新实践训练
100015042,行星探测动力学与控制
100015043,力学中数理方法（下）
100015044,系统工程导论
100015045,固体力学核心贯通课II
100015047,航空航天工程-创新实践I
100015048,气体动力学基础
100015049,工程热力学A
100015050,传热与燃烧基础
100015051,智能结构技术
100015052,热学基础
100015056,测试技术B
100015057,科创实践I--智能飞行器技术
100015058,科创实践II--智能飞行器技术
100015102,弹性力学A
100015106,结构力学A
100015113,空气动力学A
100015117,航天器姿态动力学与控制A
100015122,微机原理及应用A
100015123,现代设计方法A
100016002,工程材料
100016003,计算固体力学
100016006,板壳理论基础
100016007,塑性力学基础
100016008,复合材料力学基础
100016012,优化设计原理
100016013,现代设计方法B
100016015,飞行器结构分析与设计
100016016,惯性导航技术
100016018,航天器最优估计原理
100016019,航天器系统与仿真
100016020,航天器轨道设计与优化
100016022,航天器测量与控制部件
100016024,航天空气动力学
100016025,航天器编队飞行理论
100016026,嵌入式系统原理
100016027,控制系统分析与设计
100016029,探测原理
100016031,飞行器制导与控制
100016032,CAE技术基础
100016036,无人机控制原理
100016038,航空航天测试技术
100016040,计算燃烧学
100016044,振动基础
100016045,弹射内弹道学
100016046,航天器发射技术
100016057,声学基础
100016058,行星际飞行轨道理论
100016059,面向学-研-赛-用一体的创新实践
100016060,飞机设计基础与空战理论
100016062,断裂力学
100016063,探测制导与控制创新实践
100016066,飞行器结构分析与设计 A
100016067,飞行器空气动力特性分析与设计
100016069,航空航天工程-创新实践II
100016070,火箭燃气动力学
100016071,固体火箭发动机原理
100016072,航天测试技术
100016073,燃烧前沿技术
100016075,等离子体基础与应用
100016078,航空燃气涡轮发动机原理
100016080,深空探测自主导航与制导
100016082,小天体探测动力学与任务设计
100016083,振动理论与测试技术
100016084,航天器动力学与控制B
100016086,航天飞行器系统分析与设计A
100016087,飞行器制导与自主控制
100016101,流体力学A
100016111,飞行力学A
100016133,现代控制理论A
100017010,飞行器系统分析与设计
100017011,计算流体力学C
100017013,结构动力学基础
100017025,航天测控原理与设计
100017037,发射系统设计
100020010,计算机科学与C语言程序设计
100020102,安全概论II
100020130,智能感知与信息处理
100021106,动态测试技术
100021109,终点效应学
100021118,毕业设计-弹药
100021121,工程流体力学
100021122,弹性力学 B
100021123,爆炸与冲击动力学
100021124,弹药概论
100021125,弹道学
100021128,工程实践II-弹药-创新实践
100021132,流体力学基础
100021202,爆轰数值计算方法与应用
100021206,炸药与装药
100021207,智能装备技术导论
100021211,智能装备工程概论
100022103,自动控制原理
100022107,传感与测试技术
100022121,毕业设计-武器
100022128,创新创业实践-武器系统综合实践I
100022132,测试与信号处理
100022133,武器系统设计理论与优化
100022141,最优化理论与方法
100022142,机器学习基础
100022143,自动目标识别技术
100022147,系统工程与设计
100022149,智能无人系统总体设计
100022203,微系统设计
100022204,移动机器人学
100022206,毁伤与评估原理
100022215,武器系统概论
100022216,流体力学
100022257,创新创业实践-武器系统综合实践Ⅱ
100023100,复变函数与积分变换
100023106,学科前沿与发展动态-工力
100023108,张量分析与连续介质力学
100023109,流体力学
100023111,计算力学基础
100023112,爆炸物理学
100023120,毕业设计-工力
100023122,高压科学与技术
100023125,力学中的数理方法
100023128,应力波基础
100023129,实验力学与动态测试技术
100023202,智能材料概论
100023204,振动力学
100023205,结构力学
100023209,有限元分析与应用
100023215,理论力学
100023216,材料力学
100024104,应用物理化学
100024110,燃烧学基础
100024121,毕业设计-特能
100024128,工科大学化学
100024129,含能材料学
100024130,含能元器件设计及制造
100024132,科研方法与科技写作
100024202,装备能源技术
100025101,信号与系统A
100025103,微机电系统技术基础
100025104,控制工程基础
100025122,毕业设计（论文）-探测
100025130,工程软件与程序设计
100025132,工程软件与程序设计
100025133,工程软件与程序设计
100026102,应用有机化学
100026103,工程流体力学及通风
100026104,安全系统工程学
100026107,防火防爆理论与技术
100026118,工程实践II-安全-创新实践
100026121,毕业设计(论文)
100026125,安全应急管理与法律法规
100026126,危险化学物质分析与化工安全
100026131,高速信号处理器
100026132,射频电路与微波天线技术
100026133,近感探测原理
100026135,传感与动态测试技术
100026136,信号与系统
100026137,工程实践Ⅱ-探测-创新实践
100026141,数字信号处理
100026144,数字通信技术
100026146,燃烧学基础
100026148,动力学系统稳定性
100027105,微机原理与接口技术
100027117,毕业设计-机电
100027118,创新创业实践-机电系统综合实践
100027124,机电控制工程基础
100027125,机器人学
100027126,数值计算与机器人应用
100027129,人工智能
100027135,机器人技术前沿与发展
100028001,算法设计与实践
100028003,智能驱动控制技术
100028004,机器学习
100028005,智能无人系统综合实践I
100028006,系统可靠性技术
100028008,智能无人系统综合实践II
100028009,世界兵器史
100028013,导航与制导技术
100028015,毕业设计-智能
100028016,智能无人系统概论
100031108,设计与制造基础 I
100031109,设计与制造基础 II
100031111,工程实践
100031112,项目创新实践 I
100031113,设计与制造表达实训
100031116,典型无人系统工程实践
100031118,智能机电系统应用工程实践
100031119,创造性劳动与工程体验
100031150,工程制图C
100031152,机械工程基础I
100031153,工程制图B
100031163,机械工程基础 III
100031203,数理方程与特殊函数
100031206,计算方法
100031207,工程热力学B
100031208,车用发动机构造与原理
100031209,流体力学B
100031210,复变函数与积分变换
100031211,复变函数与积分变换
100031213,计算方法
100031218,工程热力学
100031251,机械工程基础II
100031253,机械设计基础A
100031254,机械设计基础B
100031303,传热学
100031304,单片机原理与应用
100031305,自动控制理论基础
100031308,机械振动基础
100031311,传感与测试技术
100031312,制造技术基础训练A
100031313,制造技术基础训练B
100031314,制造技术基础训练C
100031315,制造技术基础训练D
100031317,传感与测试技术
100031319,传热学
100031350,机械设计基础综合实践
100032203,智能网联电动汽车技术
100032307,汽车车身结构与设计
100032315,设计与制造基础(III)（汽车制造工艺学）
100032421,汽车学
100032422,汽车工程创新综合实践
100032423,传感与测试技术实践
100032442,工程科学导论
100032446,多模态智能无人平台技术
100032447,智能车辆先进底盘系统及动力学控制
100032448,智能无人车辆总体技术
100032451,智能电动汽车产品开发与管理
100033201,装甲车辆工程专业导论
100033202,专业认知实习
100033302,专业认知与结构原理实习
100033307,装甲车辆行驶理论
100033308,装甲车辆设计
100033313,感知与数据分析
100033314,坦克火控技术
100033315,坦克防护技术
100033316,装甲车辆智能化技术
100033317,设计与制造基础 III（装甲车辆制造与工艺）
100033413,车辆快速性与控制
100033415,计算方法（英文）
100033416,基于ROS的无人移动平台软件开发与实践
100033417,矩阵分析
100033419,装甲车辆构造（坦克学I））
100033420,流体传动基础
100033421,嵌入式系统
100033422,机器学习
100033424,Matlab科学计算与程序设计
100033428,多轮驱动车辆技术
100033429,装甲车辆生产及工艺创新实习
100033432,装甲车辆混合动力技术
100033437,机械振动与声学基础（双语）
100033438,智能车辆导论
100034201,能源与动力工程专业导论
100034202,工程热力学A
100034301,燃烧学基础
100034305,现代设计方法
100034307,能源与动力机械基础
100034414,动力机械热动力学
100034415,设计与制造基础 III（动力方向））
100034416,流体机械原理
100034417,拆装与认知实践
100034420,新能源车用动力技术
100034421,制冷与低温原理
100034422,动力系统智能控制基础实践
100034423,动力系统智能控制基础
100034424,智能动力系统原理
100034425,智能动力系统设计
100034426,燃料电池应用技术
100034427,航空动力原理与设计
100034428,航空动力智能控制与测试
100034429,人工智能技术
100034430,碳捕集、利用与封存技术
100034431,低温制冷原理与技术
100034452,碳中和科学导论
100034453,工程热力学（双语）
100034454,热力学理论与工程应用
100034455,流体力学B
100034456,智能动力与新能源专业导论
100034457,计算燃烧学理论与实践
100034458,综合能源系统
100034459,低碳前沿制冷低温原理及技术
100034460,储能原理及应用
100035303,机械制造工程学A
100035304,机械制造装备设计
100035312,机电系统控制
100035313,机械装备拆装实习
100035314,设计与制造基础 III（数字化设计与制造）
100035437,智能制造概论
100036302,管理学
100036304,工程经济学
100036305,基础工业工程
100036308,系统工程学
100036310,人因工程学
100036311,生产计划与控制
100036313,质量管理
100036317,CAD/CAM
100036323,运筹学
100036324,制造系统感知分析与决策
100036325,智能制造工程导论
100036328,仿生机械学
100036329,ROS编程技术
100036330,流体力学与液压传动
100036332,智能车辆SLAM理论与技术
100036333,汽车结构与原理
100036334,设计与制造：智能无人车
100036337,汽车构造与设计
100036338,机械振动与声学基础
100036339,车辆工程导论
100036340,机械工程专业导论
100036341,工业工程专业导论
100036345,运筹学
100036346,认知实践
100036347,系统创新设计（双语）
100036348,知识管理与决策理论
100036349,智能机电系统设计与开发
100036350,流体力学
100036351,流体力学A
100036353,设计与制造：仿生机器人
100036354,博弈论
100036355,优化技术
100036356,建模理论与仿真技术
100036361,智能制造系统设计与运行控制
100036362,3D打印设备DIY设计与搭建
100036363,自然科学著作精读
100036364,传感器原理与选用
100036368,信号与系统
100036370,物流工程与供应链管理
100036371,设计与制造基础 III
100036411,智能生产系统实验
100036415,应用统计学
100040005,复变函数与积分变换
100040006,数理方程与特殊函数
100040008,应用光学课程实践
100040011,信号与系统
100040012,专业科技英语阅读
100040016,光学系统设计与工艺
100040017,光学系统设计与工艺实践
100040019,毕业设计（论文）
100041001,电动力学
100041004,晶体光学
100041005,导波光学基础
100041006,半导体物理
100041009,激光原理与技术
100041010,光电成像原理与技术
100041011,光电成像原理与技术实验
100041014,光纤通信原理与技术实验
100041015,非线性光学基础
100041016,激光系统设计
100041017,激光原理与技术实验
100041018,平板显示器件设计与制造
100041025,液晶与发光材料
100041027,光纤传感技术与应用
100041032,薄膜原理与技术
100041033,光电功能材料与应用
100041034,光电子电路设计
100041035,光电子信息系统综合实验
100041036,光纤技术基础
100041037,数字信号处理
100041038,微纳光学与技术
100041040,光电仪器电子学实验
100041046,光谱信息技术
100041047,虚拟现实技术
100041052,自动控制基础
100041053,精密机械设计基础
100041055,几何精度设计与检测
100041056,传感技术及应用
100041057,光学测量技术
100041058,精密机械零件常规设计
100041059,智能仪器与机器视觉
100041064,误差理论与数据处理
100041065,光电仪器应用与实践
100041066,自动控制基础实验与实践
100041067,光电成像中的非线性信号处理技术
100041068,光电导论与科技基础训练
100041069,光学中的量子理论与统计物理
100041071,光通信原理
100041073,光度学辐射度学色度学及测量
100041074,数字图像处理
100041075,嵌入式系统与接口技术
100041076,光电技术基础与实验
100041077,物理光学课程实践
100041078,电子实习（CMOS相机装调）
100041079,平板显示原理与技术
100041082,视频与光电显示技术
100041083,光学测量实验
100041100,智能感知工程概论
100041101,智能传感器技术
100041102,智能控制基础
100041103,嵌入式机器学习与接口设计
100041104,人工智能基础
100041105,计算机视觉
100041106,机器学习与数据挖掘
100041107,智能信息处理技术
100041108,物联网与云计算
100041109,微系统技术
100041111,测量方法学
100041112,智能感知基础课程设计
100041114,量子信息导论
100041115,现代人机交互
100041119,智能机器人技术
100041121,Python语言程序设计
100041125,视觉机器人与信息处理
100041131,面向对象程序设计
100041133,激光雷达技术及应用
100041134,精密机械设计基础B
100050217,ECE实习
100050223,电子系统设计与实践
100050319,通信前沿技术
100050320,雷达前沿技术
100051293,电子实习（电视机装调）
100052378,信号处理综合设计（课赛结合）
100053377,计算机与网络课程设计
100055411,实时数字信号处理技术
100055418,自适应信号处理
100055434,扩频信号处理技术与应用
100055437,数字图像处理理论与系统设计
100055446,高级数字信号处理
100055456,空间SAR侦察系统原理及实验
100055457,6G智能通信信号处理
100055460,数字图像智能处理
100055461,深度学习基础
100055463,模式识别基础
100055466,高速宽带通信与信号处理
100055467,面向宽带无线接入的光载无线系统
100055469,人工智能安全与对抗
100055470,人工智能宽带通信
100055474,FPGA数字系统设计
100057373,通信系统综合设计
100057404,信息论与编码
100057405,通信网理论基础
100057407,移动通信
100057408,光纤通信
100057409,多媒体通信
100057413,数据通信与网络
100058371,网络空间安全综合设计（课赛结合）
100058410,信息系统与安全对抗理论
100058411,信息系统安全与对抗技术
100058412,信息系统安全与对抗实践
100061101,专业导论
100061102,工程原理
100061104,创新与创业导论
100061105,程序设计与实践（C++）
100062102,模拟电子技术基础A
100062104,工程电磁场
100062106,数字电子技术基础A
100062107,信号分析与处理
100062108,数字电子技术基础B
100062110,微机原理与接口技术
100062111,数字电子技术基础
100062112,机器人工程专业导论
100062113,电路与模拟电子技术
100062158,工程经济学
100062168,复变函数与积分变换
100062170,工程导论
100062202,电子工艺实习
100062203,模拟电子技术实验A
100062204,数字电子技术实验A
100062205,数字电子技术基础B实验
100062206,电子工艺实习
100062207,机器人基础实践
100062208,电路与模拟电子技术实验
100062209,机器人创能训练与竞赛实践I
100062232,计算机现代工具使用实践
100063110,电力电子技术
100063117,模拟电子技术基础B
100063120,电磁兼容技术
100063122,电气传动及控制基础A
100063125,集散控制系统
100063126,计算方法
100063128,计算机网络与通信
100063129,可编程控制器
100063130,控制系统仿真
100063131,模式识别
100063132,能源变换技术
100063133,嵌入式系统
100063134,卫星定位导航系统及应用
100063135,新型惯性器件及其应用
100063136,信息论基础
100063137,虚拟仪器网络测控技术
100063141,机械设计基础
100063142,自动控制元件
100063143,电力电子技术
100063145,流体传动及控制基础
100063146,传感器与检测技术
100063147,计算机控制系统
100063148,智能控制基础
100063151,电气传动及控制基础B
100063159,电力系统继电保护
100063160,电力电子装置及系统
100063161,高低压电器
100063164,机器人智能感知
100063165,电机学
100063171,电力系统分析
100063172,人工智能基础
100063173,人工智能基础与应用
100063174,计算机原理与应用
100063175,智能无人系统自主导航技术
100063176,电机与运动控制
100063177,机器人建模与控制
100063178,机器人状态估计
100063179,仿生与人形机器人
100063180,多机器人系统智能协同
100063206,电气工程学科前沿与进展
100063207,电子技术课程设计
100063208,工程认识实习
100063209,自动化学科前沿与进展
100063212,工程创新设计I
100063213,模拟电子技术基础B实验
100063214,电气测量技术课程设计
100063215,可编程控制器课程设计
100063217,智能机器人课程设计
100063218,工程创新设计II
100063231,工程创新设计
100063234,DSP智能车竞赛
100063235,传感器综合实验
100063236,电机系统综合实验
100063237,电机综合实验
100063238,电力电子综合实验
100063239,电力系统智能调度
100063240,电力系统综合实验
100063242,基于FPGA的数字逻辑课程设计
100063245,数据结构与C++程序设计
100063247,自动化工程实践基础
100063248,自动控制理论课程设计
100063250,工程测试技术课程设计
100063251,单片机课程设计
100063253,自动控制理论研究型实验
100063254,机器人创能训练与竞赛实践II
100063255,机器人交叉创新设计与实践
100064166,机器学习基础
100070006,C语言程序设计
100070010,Python语言程序设计
100070017,C语言程序设计基础
100070019,Python语言程序设计
100070020,Java语言程序设计
100070023,计算机科学与程序设计基础
100070024,人工智能与计算科学A
100070025,人工智能与计算科学B
100070027,C++程序设计
100071004,数据结构
100071007,操作系统
100071011,计算机网络
100071015,数据结构与算法设计
100072103,数据库原理与设计
100072107,面向对象技术与方法
100072201,物联网技术概论
100072203,无线传感器网络
100072207,射频识别技术
100072208,物联网数据处理
100073003,计算机专业基础实习
100073014,物联网应用系统开发与实践
100074103,软件测试与质量保证
100074104,移动互联系统分析与设计
100074105,Android技术开发基础
100074205,系统能力培养综合实践
100074301,自然语言理解初步
100074302,机器学习初步
100074304,计算机新技术专题
100074305,矩阵分析
100074306,随机过程
100074307,数据库原理
100074308,认知科学导论
100074309,人工智能
100074310,机器学习
100074311,计算机组成与结构
100074312,自然语言处理
100074313,人工智能导论
100074314,计算机视觉
100074315,深度学习
100074316,机器学习实践
100074317,大数据处理技术
100074320,编译原理与设计
100074322,数字图像处理
100074323,认知神经科学
100074326,强化学习
100074327,智能图形学
100074328,文本挖掘
100074330,模式识别
100074332,人机交互
100074336,并行编程原理与实践
100074341,人工智能通识导论
100074342,大数据基础与应用
100074343,机器学习与实践
100074344,自然语言处理与实践
100074403,网络与信息安全
100074407,知识工程
100074408,网络与通信
100074701,组合数学
100074702,最优化方法
100074801,JAVA语言程序设计
100074803,Linux系统编程
100076101,大数据技术导论
100076103,程序设计方法与实践
100076104,Web开发基础
100076105,大数据系统开发
100076201,数字逻辑
100076202,计算机系统导论
100076203,汇编语言与接口技术
100076204,计算机组成与体系结构
100076210,复杂度理论与近似算法
100076211,算法博弈论
100076213,计算机图形学
100076215,语音识别与合成
100076218,数据科学与算法
100076219,智能计算工程实践
100076220,虚拟现实技术
100076221,高性能科学计算
100076222,网络新技术前沿
100076223,深度学习基础
100076225,OceanBase高级数据库技术
100076226,人工智能基础
100081004,数字逻辑基础
100081012,软件工程基础
100081018,软件项目管理
100081042,离散数学
100081043,程序设计方法实践
100081044,面向对象技术与方法
100081045,数据库设计与开发
100081046,沟通与职业素养
100081047,软件需求工程与UML建模
100081048,操作系统与分布式计算
100081049,计算机网络与工程
100081050,软件体系结构与设计模式
100081051,软件质量与评测技术
100081052,计算机组成与体系结构
100081061,数据科学与大数据技术的数学基础
100081062,大数据处理技术
100081063,大数据分析技术
100083018,互联网应用开发基础训练
100083019,软件工程基础训练
100083020,软件工程综合实践
100085034,攻防对抗技术
100085035,网络安全工程
100085042,数据仓库与数据挖掘
100085043,云计算及应用
100085047,机器学习
100085048,大数据特色课程模块
100085049,大数据可视化与可视分析
100085052,数字图像处理
100085053,计算机图形学与可视化计算
100085054,游戏设计与开发
100085055,计算机动画与虚拟现实
100085057,交互式计算机图形学
100086018,开源软件开发
100086019,开源鸿蒙开发基础
100086022,数值分析
100086023,游戏引擎原理与应用
100086025,数字艺术设计
100086027,计算机病毒防治
100086035,深度学习与计算机视觉
100086036,智能仿真及应用
100090003,工程伦理
100090004,项目管理与经济决策
100090005,数据与情报
100090006,物理化学
100090007,材料力学
100090008,半导体物理
100090009,材料科学基础
100090010,物质结构现代分析方法
100090011,材料性能学
100090012,材料基因工程
100090013,高分子化学
100090014,高分子物理
100090015,材料信息学
100090017,高分子物理与化学
100090018,创新实验课A
100090019,创新实验课B
100091110,材料设计与合成
100091111,材料结构与表征
100091112,先进功能材料
100091113,先进制备技术与加工方法
100091216,超分子化学与材料
100091224,物质科学导论
100091225,智能信息材料
100091226,天然大分子与环境友好材料
100091227,生物医用高分子材料
100091228,无机-有机复合材料
100091230,光电材料与器件
100091231,量子材料
100091234,微纳加工技术与材料
100091235,能源材料绿色化回收
100091313,毕业设计（论文）
100091314,材料科学实验 1
100091315,材料科学实验 2
100092116,现代材料成型原理
100092117,智能成型与控制
100092118,表面工程与增材制造
100092119,传输原理及应用
100092120,先进材料成型工艺
100092221,材料成型质量工程
100092325,毕业设计（论文）
100093103,微连接基础
100093117,半导体制造技术基础
100093118,电子封装工艺与技术
100093119,电子封装结构与设计
100093120,电子制造工程导论
100093210,半导体器件
100093211,集成电路设计基础
100093307,毕业设计（论文）
100094107,高分子合成工艺与安全工程
100094108,聚合物结构性能表征
100094109,聚合物成型原理与工艺
100094110,国防用特种复合材料
100094209,超分子化学与材料
100094210,有机合成路线设计
100094211,天然高分子材料改性与应用
100094212,含能聚合物合成与性能
100094311,高分子化学实验
100094312,高分子物理实验
100094313,毕业设计（论文）
100095112,材料相变
100095113,材料微结构分析
100095115,现代材料制备技术
100095116,材料力学性能及失效分析
100095312,毕业设计（论文）
100096107,薄膜技术与薄膜材料
100096110,应用电化学
100096111,化学电源设计
100096112,储能材料与技术
100096113,新能源材料与器件
100096301,新型碳材料
100096314,毕业设计（论文）
100096400,工程材料基础
1001003,（英）新能源技术
1001007,（英）超分子化学
100101004,储能技术
100101005,化工智能制造
100101006,电化学测量原理
100101007,电化学原理
100101010,分离工程
100101011,分子治疗与抗体药物
100101012,工程制图
100101013,工业分析
100101014,过程控制原理
100101015,合成生物学
100101016,化工创新创业实践
100101017,化工过程建模与仿真
100101018,化工基础实验A(I)
100101019,化工基础实验A（II）
100101020,化工基础实验B
100101021,化工企业实践(14周)
100101022,化工热力学
100101023,化工设备与机械
100101024,化工设计与实践(I)
100101025,化工设计与实践（II）
100101026,化工设计与实践（III）
100101027,化工系统工程
100101028,化工与制药健康、安全与环保
100101030,化工原理A(Ⅰ)
100101031,化工原理A(Ⅱ)
100101032,化工制图与CAD
100101033,化工自动化与仪表
100101034,化学反应工程
100101035,化学工程基础（Ⅰ）
100101036,化学工程基础（II）
100101037,化学工艺学
100101038,化学制药工艺学
100101039,计算机科学与程序设计
100101040,节能减排新技术
100101041,精细化工实验
100101043,酶工程
100101044,膜分离技术
100101046,能源材料设计与制备
100101047,能源材料表征方法
100101048,能源化工创新实验
100101049,能源化工工艺学(Ⅰ)
100101050,能源化工工艺学(Ⅱ)
100101051,能源化工技术
100101052,能源化工专业实验
100101054,高分子化学与物理B
100101055,氢能与制氢技术导论
100101056,燃料电池技术
100101057,生物反应工程原理
100101058,生物工程与技术
100101059,生物化学B
100101060,生物药物分离技术
100101061,生物制药创新设计
100101062,生物制药工艺学
100101063,天然药物化学
100101064,微生物学
100101065,现代分离技术
100101066,学科前沿讲座
100101069,学生课外科技创新实践
100101070,药品生产质量管理工程
100101071,药物分子设计
100101072,药物合成反应
100101073,药学基础理论（Ⅰ）
100101074,药学基础理论（Ⅱ）
100101075,药学基础理论（Ⅲ）
100101076,药学基础理论（Ⅳ）
100101077,仪器分析实验
100101079,应用催化基础A
100101080,应用催化基础B
100101081,有机波谱分析B
100101082,炸药学
100101083,知识产权法基础
100101084,制药分离工程
100101087,制药工程综合实验（I）
100101088,制药工程综合实验（II）
100101089,制药企业实践-卓越工程师计划
100101091,智能化工实验
100101092,先进过程控制与智能决策
100101093,专业认知实习
100101094,专业认知实习
100101095,专业认知实习
100101096,专业实习
100101097,专业实习
100101098,专业实习
1001011,（英）化学生物学
100101100,工程经济与项目管理
100101101,化学工程基础A (I)
100101104,化工项目创新创业理论与实践
100101112,制药工程装备与工艺设计（I）
100101114,制药工程装备与工艺设计（II）
1001012,（英）药物制剂与工艺
1001013,（英）合成生物技术
1001014,（英）药物分子设计
1001017,（英）配位化学
1001018,（英）X射线晶体学
1001020,（英）化学与化学工程统计热力学
1001021,（英）能源应用当中的多相催化
1001022,（英）膜与膜过程原理
1001023,（英）碳中和化工技术
1001024,（英）高等仪器分析
1001026,（英）材料科学与工程基础
100160106,生物化学实验I
100160108,微生物学
100160109,微生物学实验
100160114,细胞生物学
100160115,基因工程
100160116,细胞生物学实验
100160124,蛋白质与酶工程
100160126,生物分离工程
100160127,微生物工程
100160128,遗传学
100160130,生物仪器分析
100160137,生物分离工程实验
100160140,分子生物学实验
100160141,专业英语
100160143,免疫学
100160160,生物化学（上）
100160161,生物化学（下）
100160162,生物化学实验A
100160163,动物学
100160164,动物学实验
100160165,微生物学
100160166,微生物学实验
100160167,细胞生物学
100160168,细胞生物学实验
100160169,分子生物学
100160170,分子生物学实验
100160173,物理化学
100160174,物理化学实验
100160175,遗传学B
100160176,现代遗传学实验
100160183,生理病理学
100160206,天然药物化学
100160210,生物统计学
100160212,生物材料学
100160213,纳米生物技术
100160222,生物药剂学与药物动力学
100160225,细胞与组织工程
100160226,生物过程与装备
100160228,医用生物技术
100160229,发育生物学
100160230,生物技术制药
100160243,环境生物技术
100160247,系统生物学
100160301,文献检索与科技论文写作
100160303,生命科学进展
100160304,生物化学实验II
100160306,仿真软件实验
100160307,实验室安全与实践
100160316,毕业设计（论文）
100160319,专业实习I
100160501,生命科学基础A
100160502,生命科学基础B
100171004,高等代数I
100171005,高等代数II
100171006,解析几何
100171007,课程设计I
100171018,数学分析I
100171019,数学分析II
100171020,数学分析III
100171030,专题讲座
100171031,现代应用数学讲座
100171032,毕业设计（论文）
100171033,数学分析II研讨课
100171035,数学分析III研讨课
100171036,高等代数II研讨课
100171038,数学分析I
100171039,数学分析II
100171040,数学分析III
100171041,数学竞赛研讨课
100171042,数学分析III（荣誉课）
100171043,数学模型
100171044,概率论（双语）
100171046,数学分析I（拔尖班）
100171047,数学分析II（拔尖班）
100171048,高等代数I（拔尖班）
100171049,高等代数II（拔尖班）
100171050,高等代数I（强基班）
100171052,高等代数II(强基班)
100171102,复变函数
100171105,近世代数
100171110,试验设计
100171114,实变函数
100171115,泛函分析
100171116,拓扑学
100171117,微分几何
100171119,微分流形初步
100171120,常微分方程
100171121,数学实验与实践
100171122,偏微分方程II
100171123,初等数论
100171124,抽象代数
100171125,微分流形
100171129,代数几何
100171130,一般拓扑学（双语）
100171133,实变函数
100171134,复变函数
100171203,最优化方法
100171205,离散数学
100171207,矩阵分析
100171208,偏微分方程数值解
100171209,控制论基础
100171211,数值计算方法
100171212,偏微分方程
100171215,机器学习
100171216,应用数值方法
100171219,信息论与密码
100171220,组合学（全英文）
100171301,概率论
100171302,数理统计
100171303,应用多元统计
100171304,应用随机过程
100171306,模糊数学
100171307,金融数学
100171309,统计计算
100171310,时间序列分析
100171311,可靠性统计
100171313,线性统计模型
100171316,贝叶斯理论和方法
100171317,统计模型与Python实践
100171319,统计学习
100171320,概率论选讲
100171321,数据采集方法
100172002,线性代数B
100172003,概率与数理统计
100172101,微积分A I
100172102,微积分B I
100172103,工科数学分析 I
100172110,线性代数A
100172201,微积分A II
100172202,微积分B II
100172203,工科数学分析 II
100180002,普通物理 AⅠ
100180008,电子线路
100180009,电子线路实验
100180010,C语言程序设计基础
100180014,普通物理实验I
100180015,普通物理实验Ⅱ
100180016,普通物理实验Ⅲ
100180019,博约科技讲座Ⅰ
100180039,博约科技讲座Ⅱ
100180044,普通物理ⅡB
100180045,普通物理ⅡA
100180046,光电综合实验
100180047,物理建模及应用
100180049,大学物理实验 Ⅱ
100180050,大学物理实验 Ⅲ
100180051,量子精密测量
100180052,信息光学
100180053,纳米科学前沿
100180054,凝聚态物理前沿
100180055,统计物理前沿
100180058,毕业设计（论文）
100180059,物理学导论
100180060,大学物理实验Ⅰ
100180062,大学物理实验Ⅰ（全英文）
100180111,大学物理AⅠ
100180114,普通物理Ⅰ
100180117,普通物理 II
100180121,大学物理AⅡ
100181219,普通物理Ⅴ
100181222,理论力学
100181314,科研实训
100181322,热力学与统计物理B
100181323,固体物理(Ⅰ)
100181325,近代物理实验
100182305,热力学与统计物理A
100182405,激光物理
100183208,纳米材料物理学导论
100190003,大学化学C
100190016,分析化学B
100190017,分析化学实验B
100190026,有机化学B
100190027,有机化学实验B
100190033,物理化学C
100191003,普通化学实验
100191005,大学化学A
100191007,无机化学（I）
100191008,无机化学实验（I）
100191010,无机化学（II）
100191014,分析化学（II）
100191020,表面与胶体化学
100191021,材料化学
100191022,材料模拟与设计
100191023,团簇化学
100191024,催化化学
100191025,分析化学A(I)
100191026,分析化学A(II)
100191028,高分子化学基础
100191029,高分子化学与物理
100191031,含能材料分析与表征
100191032,高分子化学与物理实验
100191033,高分子化学与物理实验 A
100191034,固体化学
100191035,含能材料的有机化学基础
100191036,合成化学
100191037,化学创新实践（I）
100191038,化学创新实践（Ⅱ）
100191039,化学化工实验室安全与环保
100191040,化学前沿讲座
100191041,化学前沿研讨课（二）（分析化学方向）
100191042,化学前沿研讨课（六）（纳米化学方向）
100191043,化学前沿研讨课（三）（有机化学和高分子化学方向）
100191044,化学前沿研讨课（四）（物理化学方向）
100191045,化学前沿研讨课（五）（理论与计算化学方向）
100191046,化学前沿研讨课（一）（无机合成方向）
100191047,化学实践
100191048,基础化学贯通课（II）
100191049,基础化学贯通课（III）
100191059,基础化学实验B（II）
100191060,基础化学实验B（III）
100191061,基础化学实验B（IV）
100191062,计算化学实践与分子模型
100191063,结构化学
100191066,量子化学基础
100191068,纳米材料制备实验
100191069,纳米电子学应用
100191070,纳米化学
100191071,纳米化学实验
100191072,纳米生物学
100191073,生命分析化学
100191074,生物化学
100191075,无机化学A
100191076,物理化学（I）
100191077,物理化学（Ⅱ）
100191078,物理化学A（I）
100191079,物理化学 A（Ⅱ）
100191080,现代材料分析技术
100191081,药物分析
100191082,有机波谱分析A
100191083,有机合成化学
100191084,有机化学(I)
100191085,有机化学(II)
100191086,有机化学A（I）
100191087,有机化学A（II）
100191090,专业实习
100191091,专业实习
100191092,专业实习
100191093,综合化学实验A（I）
100191096,物理化学课程研讨
100191097,有机化学课程研讨
100191098,纳米新能源材料与技术
100191099,高能物质化学
100191101,现代化学专题讲座
100191103,基础化学贯通课（IV）（Ⅰ）
100191104,基础化学贯通课（IV）（Ⅱ）
100191113,结构化学A
100191114,生物化学A
100191116,基础化学实验 (Ⅱ)（无机化学实验Ⅱ）
100191118,基础化学实验（IV）(仪器分析实验)
100191119,基础化学实验（V）(有机化学实验Ⅰ)
100191120,基础化学实验（VI）(有机化学实验Ⅱ)
100191121,基础化学实验（VII）(物理化学实验)
100191122,基础化学实验 AⅠ(无机化学实验）
100191123,基础化学实验 AⅡ（分析化学实验）
100191124,基础化学实验 AⅢ（仪器分析实验）
100191125,基础化学实验 A Ⅳ (有机化学实验Ⅰ)
100191126,基础化学实验 AⅤ（有机化学实验Ⅱ）
100191127,基础化学实验 AⅥ （物理化学实验）
100191128,纳米多孔化学
100191129,无机与分析化学
100191130,仿生结晶化学
100191131,有机化学C
100191132,纳米化学与微纳制造前沿讲座
100191133,纳米化学与微纳制造实践
100191134,化学实验室安全与环保
100191137,大学化学(协和医班)
100191138,有机化学实验C
100191201,普通化学（Ⅰ）
100191202,普通化学（Ⅱ）
100220006,逻辑学
100220009,学术论文写作与表达
100220032,西方哲学思想经典
100222101,社会学概论
100222106,心理咨询理论与方法
100222108,小组工作
100222112,人类行为与社会环境
100222115,社会心理学
100222116,自我探索与专业成长
100222118,小组工作实践
100222126,国际化社会工作实践
100222128,人际关系与沟通
100222129,家庭社会工作
100222131,社会保障概论
100222135,本土化社会工作调查与实践
100222138,专业化社会工作训练
100222139,心理健康与社会工作
100222140,社工综合实习（Ⅰ）
100222141,社工综合实习（Ⅱ）
100222145,智慧城市
100222149,儿童青少年社会工作
100222206,心理学与生活
100222207,个案工作
100222208,社会工作与社会发展
100222209,社区工作
100222210,社会政策
100222217,个案工作实践
100222219,社区工作实践(）
100222226,文化与心理健康
100222227,社会研究方法
100222228,质性研究方法
100222229,社会福利思想
100222231,社会性别研究
100222233,中国化马克思主义与社会工作
100223102,创新创业教育
100223104,人力资源管理
1002299901,学术写作
100230006,民事诉讼法
100230012,经济法（反不正当竞争法、反垄断法）
100230017,侵权责任法
100230018,环境与资源保护法
100230026,民商法案例研习
100230028,刑法案例研习
100230029,知识产权法案例研习
100230032,刑法分论
100230041,毕业设计（论文）
100230042,票据法
100230045,个人信息保护法
100230048,亲属继承法
100230049,国家安全法
100230053,法律诊所
100230057,知识产权法基础
100230059,法学经典选读
100230062,国际商事仲裁
100230069,刑事侦查学
100230073,税法
100230078,毕业设计（论文）
100230082,信息网络法概论
100230084,国际私法（双语）
100230092,法律文书写作（双语）
100240001,语言数据科学
100241104,综合英语IV
100241126,学术写作II
100241128,英语演讲与辩论
100241141,基础写作IV
100241144,英语视听与国际时政II
100241146,英语经典阅读II
100241148,英美文学II
100241150,英语笔译II
100241151,英语口译I
100241155,英语语言文学基础
100241157,跨文化交际与区域国别II
100241159,基础写作II（外教）
100241202,英语语法
100241205,科技英语
100241211,对外汉语教学
100241217,计算语言学导论
100241218,高级英语
100241220,逻辑学入门
100241301,莎士比亚戏剧
100241305,跨文化交际
100241408,毕业论文
100242135,基础日语IV
100242138,日语阅读与写作II
100242141,日本历史
100242143,高级日语II
100242146,日本文学史与作品研读II
100242148,中日翻译理论与实践II
100242149,日本古典文学
100242152,理解当代中国-日语读写
100242155,基础日语 II
100242159,日语视听说 II
100242163,日语会话 II
100242173,日本国家概况
100242307,近代日本的中国学研究
100242308,时事日语
100242311,社会学研究方法
100242318,东亚区域媒介与性别文化研究
100242408,毕业论文
100243115,德语文学史II
100243120,翻译理论与技巧II
100243121,德语口译实训I
100243128,基础德语 IV
100243130,高级德语Ⅱ
100243132,高级德语IV
100243134,德语语言学导论 II
100243136,德语写作 II
100243138,德语写作IV
100243140,科技德语II
100243142,基础德语II
100243148,基础德语II
100243302,现代德语文学史专题
100243310,德语纸媒分析
100243318,德语演讲课程
100243319,德国文化
100243320,德语语言文学学科前沿
100243406,德语时事论坛I
100243415,毕业设计（论文）
100243417,德语口语训练坊II
100243419,德语口语训练坊 IV
100244102,基础西班牙语II
100244127,西班牙语视听说II
100244129,西班牙语视听说IV
100244132,西班牙语口译I
100244134,西班牙国情文化导论
100244141,西班牙语听说IV
100244145,西班牙语阅读IV
100244147,高级西班牙语II
100244149,西班牙语笔译II
100244151,西班牙语写作与修辞II
100244153,基础西班牙语IV
100244162,西班牙语读写II
100244165,西班牙语听说II
100244168,西班牙语语音科学
100244307,西班牙语报刊阅读II
100244308,西班牙语文学 I
100244315,理解当代中国-西班牙语读写
100244316,西班牙语现当代经典选读
100244318,西班牙-拉美艺术概论
100244319,西语社会女性和新闻
100244408,毕业论文
100245104,跨文化英语交流II
100245106,国际英语交流II
100245204,学术用途英语四级
100245208,核心英语
100245211,国际英语沟通
100245310,学业英语听说II
100245312,学业英语读写II
100245402,大学英语（艺术班）II
100245404,大学英语（艺术班）IV
100245412,大学英语（体优班）IV
100245414,大学英语（体优班）AII
100245416,基础综合英语II
100245528,英语词汇学习的策略与方法
100245544,畅谈中国文化（英语）
100245546,跨文化交际英语
100245550,进阶英语阅读
100245552,英语报刊阅读
100245553,学术英语论文写作与发表入门
100247002,二外日语Ⅱ
100247004,二外日语Ⅳ
100247010,二外德语II
100247012,二外德语IV
100250016,设计构成3
100250017,造型综合表现
100250018,色彩综合表现
100250019,设计美学
100251019,设计心理学
100251032,设计表达2
100251034,基础设计2
100251035,计算机辅助设计1
100251036,视觉传达设计
100251041,产品设计2
100251043,产品设计4
100251050,快题设计与表现
100251053,设计调研
100251054,设计评价
100251055,交互与体验设计
100251056,智能硬件基础
100251057,设计思维与方法
100253024,标志与VI设计
100253025,插图设计
100253026,概念设计
100253027,广告创意及招贴设计
100253032,数字展示设计
100253042,摄影表达与实践
100253047,产品设计美学
100253048,人工智能设计基础
100253053,印刷与书籍设计
100253054,视觉思维与设计实践（双语）
100253055,智能系统设计国际工坊（双语）
100253056,设计问题研究
100253057,自然人机交互
100254009,景观设计原理
100254013,模型制作
100254015,室内设计原理
100254032,公园设计
100254033,建筑设计1
100254035,空间测绘
100254038,庭院景观设计
100254041,植物景观设计基础
100254042,住区景观设计
100254044,中外建筑史
100255004,非物质文化遗产田野考察方法
100255013,摄影与数字影像处理
100255019,中国传统民居
100255020,中国民间艺术概论
100255022,中外建筑史
100255025,文化创意与旅游规划
100255026,文化遗产史与文化思潮
100255028,文化遗产与创新设计
100257001,传统艺术元素与现代设计应用
100257002,金属工艺实践
100257003,漆艺工艺实践
100257005,陶瓷艺术实践
100257007,传统染织艺术的设计与创新
100257008,染织艺术设计与实践
100270013,中国近现代史纲要
100270015,形势与政策Ⅱ
100270017,形势与政策Ⅳ
100610026,专业导论（社会工作）
100740001,国家安全概论
101013001,理论力学（全英文）
101014001,材料力学（全英文）
101014003,工程力学（全英文）
101016001,Introduction to Thermal Systems Engineering
101027103,微系统设计与制造（全英文）
101027120,微处理器与汇编语言（全英文）
101027122,宏微系统流体力学（全英文）
101027125,MATLAB基础与机器人学应用（全英文）
101027129,传感与测试技术（全英文）
101027130,项目管理
101027131,科技创新创业
101027132,创新创业实践-智能机电系统综合实践
101030110,计算机技术与编程（全英文）
101031102,工程制图基础（全英文）
101037302,工程制图（英文）
101037303,科学研究与写作（英文）
101037304,机械原理（英文）
101037305,工程材料与应用（英文）
101037306,热力学（英文）
101037307,机械设计（英文）
101037308,机械设计综合课程设计（英文）
101037309,传热学（英文）
101037310,机械振动（英文）
101037311,系统建模与仿真（英文）
101037312,中国文化与跨文化交流（英文）
101037313,制造技术基础训练（双语）
101037315,控制原理与测试（英文）
101037316,流体力学（英文）
101037317,机械制造与装备（英文）
101037318,内燃机构造与原理（英文）
101037319,汽车结构与设计（英文）
101037324,工程设计实践（英文）
101037325,计算机辅助设计与工程（英文）
101037327,复变函数与积分变换（全英文）
101037334,工程创新实践（双语）
101037336,自动驾驶深度学习（英文）
101037341,ROS系统开发与实践（英文）
101037343,机械设计综合课程设计（英文）
101037344,工程概论与伦理（英文）
101037345,机械工程专业导论（英文）
101053202,C语言程序设计（全英文）
101062102,电路分析基础A(英文)
101062103,数据结构与算法设计（英文）
101062104,模拟电子技术基础A （英文）
101062106,信号分析与处理（英文）
101062120,电磁场（英文）
101062121,复变函数与积分变换（英文）
101062205,C++程序设计（英文）
101062219,电路分析基础实验A（英文）
101062222,模拟电子技术基础实验A （英文）
101063107,数字逻辑与CPU（英文）
101063108,自动控制理论Ⅰ（英文）
101063109,电力电子技术（英文）
101063110,电力系统分析（英文）
101063111,自动控制理论Ⅱ（英文）
101063112,电机及控制（英文）
101063113,传感器与检测技术（英文）
101063114,计算机控制系统（英文）
101063116,卡尔曼滤波与惯性导航基础
101063118,模式识别（全英文）
101063224,传感器与检测技术综合实验（全英文）
101070026,人工智能与计算科学（全英文）
101080081,计算机技术与编程（全英文）
101080082,C语言编程实践
101081062,大数据处理技术（全英文）
101180111,大学物理Ⅰ（全英文）
101190003,大学化学C（全英文）
101191001,电化学与电分析化学（全英文)
101191002,纳米科学与技术(全英文)
102015012,飞行器系统概论（双语）
102016001,飞行器制导控制原理（双语）
102023108,弹性力学（双语）
102023215,工程材料基础（双语）
102024106,有机材料化学基础
102024113,特种电源技术
102027117,毕业设计(论文)-全英文
102027120,机电控制技术（双语）
102027121,机器人学（双语）
102040004,应用光学
102040005,物理光学（双语）
102063114,自动控制理论Ⅰ(双语)
102063139,自动控制理论II(双语)
102063222,系统建模、仿真与控制（双语）
102101001,碳中和化工技术（双语）
102160105,生物化学（I）
102160107,生物化学（II）
102160117,分子生物学
102160129,神经生物学
102172301,线性代数B（双语）
102172401,概率论与数理统计（双语）
102191001,光电化学（双语）
102191002,配位化学（双语）
102191003,统计热力学（双语）
102222127,人格心理学
102230003,国际公法案例研习（双语）
102230004,国际民商事争议解决（双语）
102230009,国际经济法（双语）
102230018,国际公法（双语）
102230043,海商法(双语）
102230049,美国知识产权法（双语）
103016011,飞行力学（研究型课程）
103041067,光电测控系统专项实验（研究型）
103041080,智能测控系统专项实验
103051318,嵌入式系统原理与应用
103052210,信号与系统
103052316,数字信号处理
103052317,随机信号分析
103052318,雷达信号处理
103052319,智能信息安全与对抗
103053209,C语言程序设计
103053212,数据结构与算法设计（C++描述）
103053213,数据结构与算法设计（C描述）
103053314,计算机原理与应用
103053315,人工智能导论
103057312,数字通信原理
103063112,软件工程导论  (研究型)
103063118,DSP原理及应用(研究型)
103230001,中国法律史（研究型）
103230004,民法总论（研究型）
103230045,立法学（研究型）
103230047,法律方法（研究型）
105035301,精密制造工学基础
105050401,数值计算方法
105051001,智能网联电子系统综合设计
105052001,信号处理理论与技术Ⅰ
105052002,信号处理理论与技术Ⅱ
105052003,信号处理理论与技术Ⅲ
105057001,通信与网络基础理论及应用Ⅰ
105057002,通信与网络基础理论及应用Ⅱ
105057003,通信与网络基础理论及应用Ⅲ
105062101,工程原理实践
105062102,自动控制理论与实践
105062180,控制科学基本原理与应用I
105062201,产品设计实践
105062202,定量工程分析
105063181,控制科学基本原理与应用II
105063182,控制科学基本原理与应用III
105063184,控制系统仿真与应用
106033302,拆装实习（校企）
106033303,驾驶实习（校企）
106041052,光电显示系统设计与制造（校企合作）
106041054,薄膜原理与技术（校企合作）
106041055,光学系统制造（校企合作）
1600001,分子免疫学
1600007,机器学习与人工智能
1600013,神经生物学
1600014,生物大分子的结构与功能
1600024,生物医学机器人
1600031,微生物生理与代谢调控
1600035,现代神经生物技术与方法
1600036,现代数字信号处理
1600038,医学影像技术
1600058,化学生物学
1600059,高级生物化学与分子生物学实验
1600064,绿色合成与智能制造
1600065,医学生理病理学
1600068,微流控技术与建模
1600081,现代生物医药工程技术前沿
1600083,现代生物分离技术及实践
1600085,生物传感器与疾病诊断
1600087,应用生物统计学与生物信息学
1600090,生命科学导论2
1601001,(英)现代生物化学
1601004,(英)分子免疫学
1700001,数值分析
1700002,矩阵分析
1700003,科学与工程计算
1700004,近代数学基础
1700005,最优化方法
1700006,随机过程
1700007,现代回归方法
1700104,黎曼几何
1700105,现代偏微分方程
1700110,随机过程及其应用
1700111,控制综合理论
1700116,高等数理统计
1700133,随机微分方程
1700140,统计学习与数据挖掘
1700143,探索性数据分析与数据可视化
1700144,数据分析综合训练
1700145,金融数据分析
1700150,机器学习回归方法
1700151,Linux与数据库
1700153,人工智能的数学基础
1700157,多元统计分析
1700159,高等随机过程
1700161,统计前沿选讲
1700164,泛函分析
1700165,抽象代数
1700166,微分流形
1700167,李代数
1700168,随机分析选讲
1700169,傅里叶分析及其应用
1700170,表示论
1700171,动力系统
1701113,（英）算子半群理论及应用
1800020,非线性物理
1800022,纳米材料物理学导论
1800027,激光光谱学
1800029,半导体器件物理
1800030,凝聚态理论
1800032,高等计算物理
1800033,低温等离子体物理
1800040,量子开放系统I
1801004,（英）表面物理与表面分析
1801007,（英）量子态估计
2200001,科学道德与学术诚信
2200003,心理健康
2200004,工程领导力
2200031,科学技术史
2200070,发展与教育心理学专题
2200071,教育哲学
2200087,教育学专题
2200088,软科学方法与教育政策前沿
2200089,当代学习科学发展前沿
2200098,心理健康教育课程与教材研究
2200103,学校心理咨询方法与技术
2200105,基础教育改革研究
2200131,教育研究方法（专硕）
2200133,心理咨询理论与实践
2200134,团体心理辅导
2200135,创新创业教育
2200137,科学与人文综合素养
2200138,教育大数据与人工智能
2200139,正念与心理健康
2200152,教育研究方法
2200155,工程教育导论
2200156,教育研究设计与实践
2200160,创新创业的理论与实践
2200175,科学与技术教育课程与教材研究
2200176,科学与技术教育课程教学设计与实施
2201096,（英）中国教育改革
2201097,（英）女性主义研究方法
2201099,（英）教育改革与中国式现代化
2201100,（英）女性主义研究方法（高级）
2300109,物权法专题
2300113,民事诉讼法专题
2300118,法律史专题
2300119,立法学专题
2300140,经济法专题
2300147,环境与资源保护法实务
2300156,专利法实务
2300166,侵权法专题
2300167,债权法专题
2300168,证据法学专题
2300169,税法实务
2300178,著作权法实务
2300180,劳动与社会保障法实务
2300181,司法制度专题
2300204,司法制度研究
2300205,环境法前沿理论
2300207,法理学专题研究
2300220,国际法专题研究
2300221,社会保障法专题研究
2300222,诉讼法专题研究
2300223,刑法学专题研究
2300224,国际经济法专题研究
2300251,民商法前沿理论
2300306,国防科技与法律
2300326,国际民事诉讼法
2300329,国际谈判理论与实务
2300340,法学论文写作
2300341,刑法分论专题
2300350,法律写作
2300352,刑法实务
2300354,模拟法庭
2300355,法律谈判
2300357,个人信息保护法专题
2300358,电子商务法专题
2300359,数据法专题
2300361,智慧司法学专题
2300363,中国空间政策与法律
2300364,空间法案例研习
2300367,国际争端解决原理与实务
2300368,刑法解释方法
2300369,网络与信息法专题
2300373,国家安全法专题
2300374,国际投资法专题
2300376,数据刑法
2300377,知识产权的刑法保护
2300378,企业合规理论与实践
2300379,公诉业务
2300380,侦查与调查实务
2300381,刑事审判实务
2300382,数据技术安全风险与法治应对
2300383,国际司法协助原理与实务
2300384,海商法专题
2300385,商行为法专题
2300386,公司法专题
2300702,马克思主义与社会科学方法论
2300703,硕士公共英语
2301001,（英）国际法原论
2301004,（英）国际经济法研究
2301005,（英）工业产权法前沿问题研究
2301007,（英）比较合同法
2301010,（英）国际组织法专题
2301014,国际法与比较法前沿
2400031,跨文化交际英语
2400041,学术交流英语
2400061,学术英语写作
2400062,国际学术交流英语
2400107,文学理论与批评
2400114,日语语义学
2400120,认知语言学
2400135,科技翻译工作坊（英-汉）
2400136,科技翻译工作坊（汉-英）
2400137,机械工程英语与翻译
2400141,经济英语与翻译
2400142,翻译批评与赏析
2400145,会议口译
2400152,国外汉语课堂教学案例分析
2400154,汉语教学研究方法
2400158,教学测试与评估
2400159,中华文化才艺与展示
2400182,汉语语法专题研究
2400183,句法经典文献选读
2400184,语言测试与评估
2400195,汉语教学资源及其利用
2400201,汉字文化
2400203,中国当代科技
2400204,德汉语言实用对比研究
2400208,加拿大文化
2400214,翻译硕士学位论文写作
2400215,尼日利亚文化
2400218,社会语言学
2400219,科技口译工作坊
2400227,二十世纪女性作家经典
2400235,研究方法与学术论文写作
2400238,外国语言文学学科前沿II
2400239,实验语音学
2400241,外语教学
2400244,句法专题研究
2400247,欧美文学经典
2400248,英美文学主文献研读
2400249,美国文学与文化透视
2400253,日汉笔译专题
2400254,德语文学专题研讨
2400255,德语文学经典文献研读
2400258,当代德语小说
2400259,跨文化比较与传媒
2400262,智能翻译技术与应用
2400265,当代翻译前沿研究专题
2400267,理解当代中国高级汉英口译
2400268,高级中文听说教程
2400269,应用语言学专题研讨
2400270,德语语料库语言学
2400271,心理语言学
2400276,中国现当代文学
2400277,国际中文教育专业论文写作
2400281,中英科技文化交流实践
2500065,建筑意匠
2500067,遗产影像创意
2500069,环境空间形态解析
2500070,综合媒介造型研究
2500073,图像视觉语言与生成分析
2500074,整合创新设计研究
2500075,交互设计与用户体验研究
2500076,绘画形式与观念
2500077,设计形态学
2500078,人机系统研究
2500085,复杂信息系统设计研究
2500086,体育与艺术素养
2500087,智慧系统创意代码设计
2500089,消费心理学
2500095,设计与艺术文化思潮
2500107,设计实践（工业设计及理论）
2500108,设计战略与管理
2500109,中国传统家具鉴赏
2500110,中国民间艺术与创新设计
2500111,人文考察与艺术实践
2500112,设计专业英文学术写作
2500113,数字媒体与交互叙事研究
2500114,当代艺术的实践与应用
2500115,健康空间设计
2500116,交通工具创意与创新
2500117,传统造物传承与创新
2500120,视觉审美与设计表达
2500121,艺术创作类型与方案
2500123,环境艺术设计工作坊
2500124,中国古典园林
2500126,专题设计研究（工业设计/产品设计）
2500127,专题设计研究（艺术创新设计）
2500128,专题设计研究（环境艺术设计）
2500129,专题设计研究(视觉传达设计)
2500130,专题设计研究(实验艺术)
2500131,文化遗产再生设计方法
2501001,（英）色彩设计与研究
3210002,生物医用材料导论
3210005,分子探针与医学影像
3210008,生物医学大数据
3210009,病原体检测及医学应用
3210010,计算机听觉医学应用
3210011,临床色谱质谱学
3210013,微纳方法与仪器技术
3210014,医学生化与分子生物学
3300002,网络影视课程编导论
3300003,人工智能与教育
3300005,远程系统开发技术
3300006,教育数字媒体技术
3300010,课件游戏仿真系统设计
3300015,专业领域发展前沿专题
3300016,信息技术与教学应用
3300017,专业应用案例设计
3300018,职业教育信息化
3300019,班主任与班级管理
3300020,职业教育政策与法规
3300102,马克思主义与社会科学方法论
3300103,职教硕士公共英语
3300304,管理信息系统
3300306,现代管理理论与方法
4500001,习近平总书记关于教育的重要论述研究
4500003,心理测量与评估
4500004,工程教育国际比较
4500005,工程哲学
4500006,工程教育课程与教学
4500007,工程教育技术
4500008,工程管理概论
4500009,教育大数据分析
4500010,人工智能教育
4500011,数字科普作品策划与制作
4500012,人工智能与科学传播
4500013,学术论文写作
4500014,工程教育前沿
4500015,智慧教育技术前沿
4500016,教育大数据与人工智能
4500017,教育技术学
4500018,学术论文智能化写作
9400001,创新创业
99900005,流行音乐欣赏与实践
99900012,舞蹈艺术鉴赏
99900013,西方现代流行音乐赏析
99900038,中国戏曲艺术赏析
99900047,全国数学建模竞赛辅导
99900080,现代通信技术概论
99900085,感悟考古
99900105,电子科学与技术设计、实验与制作I
99900207,经络腧穴概论（北中医）
99900215,生命科学导论
99900230,现代汽车前沿新技术专题
99900238,影视台词与朗诵
99900253,机电控制与检测综合实验技术
99900268,基于人因工程的生理及认知心理研究
99900269,含氮化合物制备与表征
99900276,数学实验
99900283,Matlab在工程及实验数据处理中的应用
99900293,生物医用高分子材料研究实验
99900308,现代汽车艺术鉴赏
99900331,电动机的单片机控制(1)
99900332,基于Solidworks的三维实体设计与动态装配
99900337,现代数据分析
99900338,兵器设计与实验
99900350,SPSS软件及统计分析
99900364,电影音乐
99900365,现代舞基础训练
99900407,国乐之美
99900436,新材料技术
99900437,城市灾害的防范与应对
99900444,大学语文
99900478,智能型天然高分子材料研究
99900511,CAE及其在航天技术中的应用
99900530,数码相机性能评测
99900538,多体制数字移动通信技术
99900553,颜色科学与应用
99900562,微区光谱探测及相关技术
99900589,视觉游牧——西方美术史
99900590,视唱练耳
99900593,信息科学技术通识
99900609,中西方传统文化
99900616,有机材料结构分析实践
99900617,生活化学实验
99900618,生活陶瓷器皿制作实践
99900620,年画剪纸研究制作实验
99900623,漆工艺品设计与制作
99900636,微机组装检测与维护
99900637,可编程逻辑器件设计实践课程
99900703,钢琴艺术
99900716,机电控制技术基础
99900723,人机交互技术及应用
99900740,气味美学与香道
99900745,数字图像处理技术与实践
99900746,基于FPGA平台的电信传输系统设计实验
99900748,Python程序设计基础
99900761,数控车削编程与创新制作
99900774,飞行器结构优化实践
99900775,卫星系统设计与MWORKS优化实践
99900776,原子尺度模拟技术：入门与应用
99900777,诗意力学
99900778,飞行原理与航空安全事故分析
99900779,C++数值软件开发实战
99900780,太阳能定轨迹小车的设计与制作
99900781,劳动创造美：动力机械音乐装置的无限可能
99900782,工程实践：制造技术与掐丝珐琅的奇妙碰撞
99900783,零一创新思维导引
99900784,实验设计与数据科学基础
99900785,AR/VR光学显示原理与产业现状
99900787,金属材料工程设计
99900788,有机奇妙探秘：有趣材料的合成与应用
99900792,戏剧中的近现代史
99900793,新兴科技与未来教育
99900794,职场礼仪
99900801,武器系统概论
99900804,新能源技术概论
99900805,产业生态与循环经济应用
99900811,中西文化交流与丝绸之路考古
99900815,飞行器系统优化设计
99900816,绿色能源飞行器总体设计
99900820,生活中的纳米技术
99900826,中国昆曲艺术
99900828,汽车电子单片机系统设计
99900834,琴道与美学
99900835,近代化学的发展
99900843,空中机器人设计与飞行试验
99900852,基础微生物学实验
99900854,大学生科学技术研究基础
99900873,航空航天与兵器概论
99900875,天文学概论
99900880,阻燃科学与技术引论
99900914,机器学习理论和实践
99900915,身边的高分子材料—回收、鉴定、加工与性能
99900918,生命科学基础实验
99900939,国际法导论(双语)
99900942,化学与社会生活
99900947,唐宋诗词欣赏
99900949,科幻电影与认知哲学
99900952,近代日本的中国观察
99900961,MySQL数据库设计和开发
99900962,传统手工造纸研究与纸艺实践
99900964,空间美学与花道
99900978,少数民族神话赏析（网络课堂）
99900982,Introduction to Virtual Augmented Reality
99900985,生物技术与诺贝尔奖
99900986,透过数学看世界
99900987,工程与社会
99900988,科学史与人类文明
99900992,核磁共振波谱技术实践
99900993,合唱艺术的学习与实践
99900994,交响乐艺术的学习与实践
99900997,民族器乐实践
99900998,舞台与影视表演艺术
99901019,新闻摄影（网络课堂）
99901044,茶文化与陶瓷茶器具创作实践
99901046,文化创意与旅游规划
99901058,国防科技中的纳米技术
99901060,集合论——开启理性思维的钥匙
99901062,MATLAB在自动化工程中的应用
99901082,虚拟仪器设计与应用
99901085,声乐艺术的技巧掌握与实践
99901100,《红楼梦》导读
99901166,面向未来材料的科技创新与产业融合教育
99901168,MWORKS平台技术应用概论
99901169,大学生电动方程式赛车概论
99901170,新能源汽车品牌故事
99901171,高效节能车发动机性能测试与标定技术
99901172,基于Mworks的车辆动力系统建模仿真
99901173,高效节能车动力系统性能一维仿真设计技术
99901175,科研方法导论与实践
99901176,高效节能车氢动力系统原理与性能测试
99901177,智能化增材制造技术
99901178,探究大语言模型的前世今生
99901180,网络安全与数据安全
99901182,认知科学初探
99901184,氮材料
99901186,大学化学实验
99901188,微生物学实验与应用
99901191,重大疾病的发生机制及生物治疗
99901198,人机协同与智能社会：机遇与挑战
99901199,科技人才成长与素养
99901200,琴道与美学（进阶班）
99901223,幸福心理学
99901227,古都与文化
99901228,合理用药与健康
99901232,食品与日用品的检测
99901235,微信小程序开发
99901237,智能材料概论
99901317,智能语音交互技术
99901320,走近机器视觉
99901325,中国古代玉器文化
99901329,创造思维与审美
99901335,世界遗产鉴赏
99901344,摄影技术与实践
99901345,新能源飞行器能源管理与控制
99901347,Matlab图像处理的科研实训
99901348,基于指尖陀螺的创新设计与制作
99901349,基于益智玩具的创新设计与制作
99901351,汽车雷达测试系统设计与实践
99901360,Node.jsWEb应用程序开发
99901361,Web前端项目实战开发
99901362,人是如何学习的—学习科学导论
99901381,国际谈判与争议解决
99901392,逻辑与思维训练
99901402,飞行奥秘的探索
99901409,量子精密测量技术
99901412,唐诗经典诵读
99901417,工笔重彩绘画实践
99901427,学术论文写作与表达
99901428,物质科学与大国重材
99901432,大国装甲
99901433,大数据思维与技术
99901434,大数据技术导论
99901435,人工智能导论
99901436,材料科学发展史-多学科的融合与创新
99901437,经典导读：草木诗经
99901441,大学生与民法
99901446,科技论文写作
99901453,流行音乐赏析
99901459,传统植物染工艺与实践
99901460,现当代陶瓷艺术赏析
99901461,视觉审美与设计赏析
99901462,力学简史
99901463,科学中的美
99901465,国际贸易法律基础与纠纷处理
99901478,光电子芯片前沿概论
99901480,以计算化学的视角认知物质世界
99901494,工程创新设计与实践
99901499,FPGA系统开发实践
99901509,中国古代史（网络课堂）
99901515,影像中的人类学（网络课堂）
99901520,物联网与边缘智能
99901522,微生物与免疫
99901527,心理发展与教育
99901528,世界著名大学欣赏
99901531,哲学与人工智能
99901532,美学透视
99901535,生活中的犯罪与刑罚
99901547,普通昆虫学（网络课堂）
99901548,《资治通鉴》精读-治国之道的史学表达（网络课堂）
99901551,常用急救技术I（北中医）
99901552,现代文学名家短章精读
99901557,舌尖上的历史与文化（网络课堂）
99901558,普通心理学（网络课堂）
99901584,新能源飞行器绿色感知与评估
99901585,飞行控制系统的原型系统技术B
99901587,星辰征途简史--从地球到太阳系边际
99901593,3D打印设备DIY设计与搭建
99901598,汽车全生命周期碳减排技术
99901600,微小型智能机器人设计与制作
99901601,碳中和技术原理与应用
99901604,医学检测仪器概述
99901611,导弹创新概论
99901612,基于公安刑侦的分析测试技术
99901621,《红楼梦》精读
99901622,科幻文学
99901623,汉字与中国文化
99901625,不一样的宏观经济学入门指南
99901630,数据法律与个人信息安全
99901632,语言与认知：探索大脑的奥秘
99901634,体验敦煌之美——图案艺术
99901659,大学日语I
99901669,智能机器人技术之触摸屏开发
99901670,机械相关学科职涯规划
99901672,超导简史
99901673,航天科技发展与实践
99901674,史记选读
99901676,话剧名家名剧表演赏析
99901677,创业法律知识基础
99901680,数码影像技术与艺术
99901681,文艺复兴时期经典杰作临摹与创化
99901684,书法艺术入门
99901688,深度学习原理及应用
99901689,智能化无人作战系统
99901690,传热学概论和前沿
99901693,代谢原理与人类健康
99902098,基于科学方法的技术创新
99911037,当代中国社会热点问题研究
99911050,创意写作
99911055,产品设计与产业转化
99911056,安全概论
99911062,高压科学与技术
99911065,功能高分子与智慧生活
99911066,新中国政治经济史（1949-1976）
99911071,弘历谈玉
99911078,智慧养老
99911079,职业规划与生涯幸福
99911082,微机电系统技术
99911084,智能制造系统的编程与远程通讯实践
99911085,工业机器人认知与实践
99911103,奇妙的力学实验
99911104,工程实践：传统榫卯结构工艺作品设计与制作
99911106,网络知识的检索、管理和展示
99911107,电影中的汽车文化
99911111,基于尤克里里制作的实践创新训练
99911112,生活中的光学
99911114,牛顿环分析的新视角——信号处理和数据分析
99911117,自我认知与情绪管理
99911119,舌尖上的科学
99911120,生物技术漫谈
99911131,经典阅读与唐宋文化
99911132,延安文艺与革命中国
99911133,流光溢彩——中国音乐史话
99911134,幸福导论
99911139,风景画创新表现
99911145,生物制药创新设计
99911149,敢闯会创：大学生创新创业实务
99911157,跨学科学习和跨界创新
99911158,飞机的心脏-航空发动机概论
99911162,空天飞行器技术概论
99911166,储能科学概论
99911167,现代战争的障眼术-隐身和诱骗
99911168,汽车知识通览
99911170,陆空两栖智能平台认识与实践
99911171,智能驾驶系统概论与软件开发实践（双语）
99911172,科幻作品中的光学技术
99911173,从负折射到隐身衣-微纳光学研究进展
99911174,大数据时代下的创新思维
99911175,碳中和与高分子材料
99911176,智能物联网应用设计
99911178,现代生命科学技术与人类生活
99911184,中文实用写作：素养与训练
99911186,中文写作与表达沟通
99911187,速写艺术鉴赏与实践
99911188,日用化学品的复配原理与技术实训
99911194,环境中的化学
99911198,文化遗产史与文化思潮
99911201,中医养生适宜技术（北中医）
99911238,北斗卫星导航定位设计与试验
99911239,材料微观世界及力学起源
99911241,航天器结构概论
99911243,等离子体技术及应用
99911244,深空探测自主导航系统设计
99911245,航天推进技术实践
99911246,跨介质飞行器流体动力学概论
99911247,水下发射多相流模拟方法与应用实例
99911248,科技创新突破方法与专利技巧实践
99911252,一沙一世界：从硅到微系统
99911254,俄罗斯经典艺术作品赏析（中俄双语）
99911255,材料的奥秘
99911257,有机奇妙探秘：实用材料的合成与应用
99911258,储能电池的认识与基础实践
99911260,生物分子工程中的人工智能方法
99911261,化妆品中的化学
99911269,西方音乐史
99911270,国学与当代
99911281,能源变革与人类文明发展
99911282,俄罗斯电影赏析（中俄双语）
99911283,爱情心理学
99911284,兵棋与博弈：游戏中的智慧
99911285,金工锤的艺术设计与精工细作
99911286,电影中的教育学
